elapsed_ms,cpu_util,ram_used,ram_total,gpu0_util,gpu0_vram_alloc,gpu0_vram_used,gpu0_vram_total,gpu1_util,gpu1_vram_alloc,gpu1_vram_used,gpu1_vram_total
0,0.0,5023985664,26256531456,1,163577856,1639383040,17102733312,0,354418688,1418592256,6442319872
101,7.4,5023985664,26256531456,2,163577856,1639383040,17102733312,0,354418688,1418592256,6442319872
203,8.6,5023985664,26256531456,2,163577856,1639383040,17102733312,0,354418688,1418592256,6442319872
305,6.2,5023985664,26256531456,0,163577856,1639383040,17102733312,0,354418688,1418592256,6442319872
407,8.0,5023985664,26256531456,0,163577856,1639383040,17102733312,0,354418688,1418592256,6442319872
509,7.4,5024243712,26256531456,1,163577856,1639383040,17102733312,0,354418688,1418592256,6442319872
612,6.1,5024243712,26256531456,1,163577856,1639383040,17102733312,0,354418688,1418592256,6442319872
714,7.9,5024243712,26256531456,1,163577856,1639383040,17102733312,0,354418688,1418592256,6442319872
817,7.9,5024243712,26256531456,1,163577856,1639383040,17102733312,0,354418688,1418592256,6442319872
920,7.8,5024243712,26256531456,0,163577856,1639383040,17102733312,0,354418688,1418592256,6442319872
1023,9.3,5028630528,26256531456,0,163577856,1639383040,17102733312,0,354418688,1418592256,6442319872
1127,7.3,5028630528,26256531456,1,163577856,1639383040,17102733312,0,354418688,1418592256,6442319872
1230,7.3,5028630528,26256531456,1,163577856,1639383040,17102733312,0,354418688,1418592256,6442319872
1333,7.3,5028630528,26256531456,2,163577856,1639383040,17102733312,0,354418688,1418592256,6442319872
1437,7.4,5028630528,26256531456,2,163577856,1639383040,17102733312,0,354418688,1418592256,6442319872
1540,7.3,5028630528,26256531456,1,163577856,1639383040,17102733312,0,354418688,1418592256,6442319872
1644,9.0,5028630528,26256531456,1,163577856,1639383040,17102733312,0,354418688,1418592256,6442319872
1747,6.7,5028630528,26256531456,1,163577856,1639383040,17102733312,0,354418688,1418592256,6442319872
1850,7.3,5046177792,26256531456,1,163577856,1639383040,17102733312,0,354418688,1418592256,6442319872
1952,15.2,5091586048,26256531456,1,163577856,1639383040,17102733312,0,354418688,1418592256,6442319872
2055,9.2,5139066880,26256531456,1,163577856,1639383040,17102733312,0,354418688,1418592256,6442319872
2159,6.1,5187321856,26256531456,1,163577856,1639383040,17102733312,0,354418688,1418592256,6442319872
2262,8.5,5221642240,26256531456,1,163577856,1639383040,17102733312,0,354418688,1418592256,6442319872
2365,6.7,5268865024,26256531456,1,163577856,1639383040,17102733312,0,354418688,1418592256,6442319872
2469,7.3,5317894144,26256531456,1,163577856,1639383040,17102733312,0,354418688,1418592256,6442319872
2572,8.5,5366407168,26256531456,1,163577856,1639383040,17102733312,0,354418688,1418592256,6442319872
2676,6.1,5416210432,26256531456,1,163577856,1639383040,17102733312,0,354418688,1418592256,6442319872
2778,7.9,5465239552,26256531456,1,163577856,1639383040,17102733312,0,354418688,1418592256,6442319872
2881,6.7,5514268672,26256531456,1,163577856,1639383040,17102733312,0,354418688,1418592256,6442319872
2984,8.6,5556330496,26256531456,0,165675008,1641480192,17102733312,0,354418688,1418592256,6442319872
3087,8.8,5553422336,26256531456,0,165675008,1641480192,17102733312,0,354418688,1418592256,6442319872
3195,8.2,5562671104,26256531456,2,165675008,1641480192,17102733312,0,354418688,1420689408,6442319872
3307,13.3,5588463616,26256531456,7,153092096,1645674496,17102733312,3,150994944,1234042880,6442319872
3413,17.2,5588463616,26256531456,7,153092096,1645674496,17102733312,61,150994944,1234042880,6442319872
3522,14.0,5627916288,26256531456,20,153092096,1645674496,17102733312,61,150994944,1234042880,6442319872
3636,13.3,5628432384,26256531456,20,153092096,1645674496,17102733312,36,150994944,1234042880,6442319872
3753,15.3,5628432384,26256531456,25,153092096,1645674496,17102733312,68,150994944,1234042880,6442319872
3856,14.5,5628432384,26256531456,25,153092096,1645674496,17102733312,68,150994944,1234042880,6442319872
3965,14.9,5628432384,26256531456,29,153092096,1645674496,17102733312,38,150994944,1234042880,6442319872
4075,16.7,5628690432,26256531456,29,153092096,1645674496,17102733312,38,150994944,1234042880,6442319872
4180,21.6,5630226432,26256531456,17,153092096,1645674496,17102733312,50,150994944,1234042880,6442319872
4294,12.2,5630226432,26256531456,17,153092096,1645674496,17102733312,44,150994944,1234042880,6442319872
4406,13.7,5630226432,26256531456,17,153092096,1645674496,17102733312,44,150994944,1234042880,6442319872
4525,19.7,5631258624,26256531456,30,153092096,1645674496,17102733312,49,195035136,1278083072,6442319872
4648,24.2,5633581056,26256531456,30,153092096,1645674496,17102733312,51,216006656,1299054592,6442319872
4758,24.0,5633581056,26256531456,16,153092096,1645674496,17102733312,55,278921216,1361969152,6442319872
4875,26.4,5633581056,26256531456,16,153092096,1645674496,17102733312,55,322961408,1406009344,6442319872
4986,22.6,5635129344,26256531456,15,153092096,1645674496,17102733312,47,364904448,1447952384,6442319872
5095,37.0,5635129344,26256531456,15,153092096,1645674496,17102733312,65,406847488,1489895424,6442319872
5201,32.6,5635129344,26256531456,20,153092096,1645674496,17102733312,65,429916160,1512964096,6442319872
5322,22.0,5635129344,26256531456,14,153092096,1645674496,17102733312,51,492830720,1575878656,6442319872
5432,29.1,5635129344,26256531456,14,153092096,1645674496,17102733312,59,513802240,1596850176,6442319872
5540,16.9,5637451776,26256531456,19,153092096,1645674496,17102733312,59,534773760,1617821696,6442319872
5666,15.2,5637451776,26256531456,19,153092096,1645674496,17102733312,55,534773760,1617821696,6442319872
5793,15.7,5637451776,26256531456,16,153092096,1645674496,17102733312,61,534773760,1617821696,6442319872
5907,18.0,5637451776,26256531456,13,153092096,1645674496,17102733312,61,534773760,1617821696,6442319872
6028,17.9,5637967872,26256531456,13,153092096,1645674496,17102733312,56,534773760,1617821696,6442319872
6139,18.8,5637967872,26256531456,14,153092096,1645674496,17102733312,50,534773760,1617821696,6442319872
6276,17.1,5637967872,26256531456,14,153092096,1645674496,17102733312,56,534773760,1617821696,6442319872
6405,16.3,5637967872,26256531456,14,153092096,1645674496,17102733312,56,534773760,1617821696,6442319872
6521,18.7,5637967872,26256531456,16,153092096,1645674496,17102733312,54,534773760,1617821696,6442319872
6634,13.7,5637967872,26256531456,16,153092096,1645674496,17102733312,54,534773760,1617821696,6442319872
6756,18.6,5637967872,26256531456,15,153092096,1645674496,17102733312,54,534773760,1617821696,6442319872
6886,17.7,5637967872,26256531456,15,153092096,1645674496,17102733312,55,534773760,1617821696,6442319872
7002,18.9,5637967872,26256531456,21,153092096,1645674496,17102733312,61,534773760,1617821696,6442319872
7121,17.7,5637967872,26256531456,15,153092096,1645674496,17102733312,54,534773760,1617821696,6442319872
7251,14.1,5637967872,26256531456,15,153092096,1645674496,17102733312,54,534773760,1617821696,6442319872
7361,23.3,5637967872,26256531456,14,153092096,1645674496,17102733312,54,534773760,1617821696,6442319872
7485,14.6,5637967872,26256531456,14,153092096,1645674496,17102733312,48,534773760,1617821696,6442319872
7599,18.1,5637967872,26256531456,28,153092096,1645674496,17102733312,48,534773760,1617821696,6442319872
7703,16.6,5637967872,26256531456,19,153092096,1645674496,17102733312,64,534773760,1617821696,6442319872
7824,17.3,5637967872,26256531456,19,153092096,1645674496,17102733312,51,534773760,1617821696,6442319872
7948,14.8,5637967872,26256531456,14,153092096,1645674496,17102733312,52,534773760,1617821696,6442319872
8066,17.7,5637967872,26256531456,14,153092096,1645674496,17102733312,52,534773760,1617821696,6442319872
8171,17.1,5637967872,26256531456,19,153092096,1645674496,17102733312,54,534773760,1617821696,6442319872
8284,16.2,5637967872,26256531456,19,153092096,1645674496,17102733312,54,534773760,1617821696,6442319872
8417,15.7,5637967872,26256531456,18,153092096,1645674496,17102733312,54,534773760,1617821696,6442319872
8524,16.8,5637967872,26256531456,26,153092096,1645674496,17102733312,55,534773760,1617821696,6442319872
8647,16.6,5637959680,26256531456,26,153092096,1645674496,17102733312,55,534773760,1617821696,6442319872
8779,15.0,5637959680,26256531456,15,153092096,1645674496,17102733312,55,534773760,1617821696,6442319872
8891,12.4,5637959680,26256531456,15,153092096,1645674496,17102733312,51,534773760,1617821696,6442319872
9019,11.7,5637959680,26256531456,14,153092096,1645674496,17102733312,53,534773760,1617821696,6442319872
9139,13.3,5638217728,26256531456,19,153092096,1645674496,17102733312,50,534773760,1617821696,6442319872
9250,13.0,5638217728,26256531456,19,153092096,1645674496,17102733312,50,534773760,1617821696,6442319872
9357,11.2,5638217728,26256531456,17,153092096,1645674496,17102733312,55,534773760,1617821696,6442319872
9464,12.4,5638217728,26256531456,17,153092096,1645674496,17102733312,55,534773760,1617821696,6442319872
9566,13.9,5638217728,26256531456,17,153092096,1645674496,17102733312,60,534773760,1617821696,6442319872
9682,12.0,5638217728,26256531456,17,153092096,1645674496,17102733312,54,534773760,1617821696,6442319872
9807,12.5,5638217728,26256531456,12,153092096,1645674496,17102733312,49,534773760,1617821696,6442319872
9939,11.4,5638217728,26256531456,14,153092096,1645674496,17102733312,49,534773760,1617821696,6442319872
10051,12.9,5638217728,26256531456,14,153092096,1645674496,17102733312,53,534773760,1617821696,6442319872
10155,13.2,5638475776,26256531456,13,153092096,1645674496,17102733312,57,534773760,1617821696,6442319872
10286,12.5,5638733824,26256531456,13,153092096,1645674496,17102733312,57,534773760,1617821696,6442319872
10392,16.2,5638991872,26256531456,19,153092096,1645674496,17102733312,59,534773760,1617821696,6442319872
10529,12.3,5638991872,26256531456,17,153092096,1645674496,17102733312,56,534773760,1617821696,6442319872
10633,14.3,5638991872,26256531456,17,153092096,1645674496,17102733312,56,534773760,1617821696,6442319872
10764,11.9,5638991872,26256531456,19,153092096,1645674496,17102733312,60,534773760,1617821696,6442319872
10876,12.8,5638991872,26256531456,19,153092096,1645674496,17102733312,71,534773760,1617821696,6442319872
10988,14.0,5640630272,26256531456,18,153092096,1645674496,17102733312,61,534773760,1617821696,6442319872
11118,12.1,5640888320,26256531456,18,153092096,1645674496,17102733312,61,534773760,1617821696,6442319872
11228,13.3,5640888320,26256531456,18,153092096,1645674496,17102733312,57,534773760,1617821696,6442319872
11360,13.9,5640888320,26256531456,19,153092096,1645674496,17102733312,63,534773760,1617821696,6442319872
11485,13.5,5640888320,26256531456,19,153092096,1645674496,17102733312,63,534773760,1617821696,6442319872
11598,12.8,5640888320,26256531456,20,153092096,1645674496,17102733312,49,534773760,1617821696,6442319872
11724,12.3,5640888320,26256531456,18,153092096,1645674496,17102733312,54,534773760,1617821696,6442319872
11858,12.6,5640888320,26256531456,18,153092096,1645674496,17102733312,50,534773760,1617821696,6442319872
11960,11.0,5640888320,26256531456,17,153092096,1645674496,17102733312,50,534773760,1617821696,6442319872
12081,12.2,5640888320,26256531456,17,153092096,1645674496,17102733312,46,534773760,1617821696,6442319872
12221,12.2,5640888320,26256531456,16,153092096,1645674496,17102733312,59,534773760,1617821696,6442319872
12342,13.0,5640888320,26256531456,18,153092096,1645674496,17102733312,53,534773760,1617821696,6442319872
12462,12.1,5640888320,26256531456,18,153092096,1645674496,17102733312,53,534773760,1617821696,6442319872
12610,12.2,5640888320,26256531456,15,153092096,1645674496,17102733312,48,176160768,1259208704,6442319872
12749,12.6,5641404416,26256531456,22,153092096,1645674496,17102733312,57,150994944,1234042880,6442319872
12862,15.4,5641920512,26256531456,22,153092096,1645674496,17102733312,42,150994944,1234042880,6442319872
12970,12.7,5641920512,26256531456,19,153092096,1645674496,17102733312,42,150994944,1234042880,6442319872
13079,15.8,5641920512,26256531456,19,153092096,1645674496,17102733312,54,150994944,1234042880,6442319872
13185,21.2,5642178560,26256531456,22,153092096,1645674496,17102733312,49,150994944,1234042880,6442319872
13297,14.0,5642178560,26256531456,22,153092096,1645674496,17102733312,49,150994944,1234042880,6442319872
13421,16.0,5640630272,26256531456,18,153092096,1645674496,17102733312,39,150994944,1234042880,6442319872
13524,15.4,5640630272,26256531456,35,153092096,1645674496,17102733312,27,148897792,1183711232,6442319872
13627,12.9,5639856128,26256531456,35,153092096,1645674496,17102733312,27,150994944,1234042880,6442319872
13750,12.8,5639852032,26256531456,21,153092096,1645674496,17102733312,50,150994944,1234042880,6442319872
13855,14.4,5639852032,26256531456,21,153092096,1645674496,17102733312,47,150994944,1234042880,6442319872
13958,13.9,5639852032,26256531456,31,153092096,1645674496,17102733312,47,52428800,1135476736,6442319872
14068,18.1,5641285632,26256531456,31,153092096,1645674496,17102733312,39,150994944,1234042880,6442319872
14174,21.9,5641129984,26256531456,22,153092096,1645674496,17102733312,61,150994944,1234042880,6442319872
14283,13.7,5641129984,26256531456,22,153092096,1645674496,17102733312,61,150994944,1234042880,6442319872
14398,12.0,5640871936,26256531456,19,153092096,1645674496,17102733312,52,150994944,1234042880,6442319872
14508,13.8,5640871936,26256531456,26,153092096,1645674496,17102733312,53,150994944,1234042880,6442319872
14611,10.3,5640871936,26256531456,26,153092096,1645674496,17102733312,53,150994944,1234042880,6442319872
14721,14.6,5642420224,26256531456,27,153092096,1645674496,17102733312,36,150994944,1234042880,6442319872
14836,12.6,5642420224,26256531456,27,153092096,1645674496,17102733312,48,150994944,1234042880,6442319872
14938,14.6,5642420224,26256531456,18,153092096,1645674496,17102733312,48,150994944,1234042880,6442319872
15050,14.2,5642420224,26256531456,18,153092096,1645674496,17102733312,65,150994944,1234042880,6442319872
15164,15.1,5642420224,26256531456,21,153092096,1645674496,17102733312,56,150994944,1234042880,6442319872
15272,14.6,5642420224,26256531456,21,153092096,1645674496,17102733312,56,150994944,1234042880,6442319872
15388,13.5,5642420224,26256531456,19,153092096,1645674496,17102733312,54,150994944,1234042880,6442319872
15496,14.0,5642420224,26256531456,25,153092096,1645674496,17102733312,45,150994944,1234042880,6442319872
15600,15.6,5642420224,26256531456,25,153092096,1645674496,17102733312,45,150994944,1234042880,6442319872
15714,12.2,5642420224,26256531456,23,153092096,1645674496,17102733312,43,150994944,1234042880,6442319872
15816,14.1,5642420224,26256531456,23,153092096,1645674496,17102733312,43,150994944,1234042880,6442319872
15933,12.4,5642420224,26256531456,24,153092096,1645674496,17102733312,47,150994944,1234042880,6442319872
16042,16.2,5642936320,26256531456,24,153092096,1645674496,17102733312,54,150994944,1234042880,6442319872
16165,15.1,5642936320,26256531456,20,153092096,1645674496,17102733312,49,150994944,1234042880,6442319872
16272,15.7,5642936320,26256531456,20,153092096,1645674496,17102733312,49,150994944,1234042880,6442319872
16386,15.2,5642936320,26256531456,16,153092096,1645674496,17102733312,59,150994944,1234042880,6442319872
16489,15.5,5642936320,26256531456,29,153092096,1645674496,17102733312,59,150994944,1234042880,6442319872
16592,14.6,5642936320,26256531456,29,153092096,1645674496,17102733312,53,150994944,1234042880,6442319872
16708,12.5,5642936320,26256531456,29,153092096,1645674496,17102733312,43,150994944,1234042880,6442319872
16811,14.1,5642936320,26256531456,29,153092096,1645674496,17102733312,43,150994944,1234042880,6442319872
16925,14.1,5642936320,26256531456,19,153092096,1645674496,17102733312,53,150994944,1234042880,6442319872
17043,17.7,5643452416,26256531456,19,153092096,1645674496,17102733312,47,150994944,1234042880,6442319872
17153,14.3,5643452416,26256531456,18,153092096,1645674496,17102733312,57,150994944,1234042880,6442319872
17270,15.8,5643452416,26256531456,18,153092096,1645674496,17102733312,57,150994944,1234042880,6442319872
17375,13.7,5643452416,26256531456,23,153092096,1645674496,17102733312,55,150994944,1234042880,6442319872
17491,13.6,5643452416,26256531456,23,153092096,1645674496,17102733312,55,150994944,1234042880,6442319872
17599,14.5,5643452416,26256531456,23,153092096,1645674496,17102733312,57,150994944,1234042880,6442319872
17711,13.4,5643452416,26256531456,16,153092096,1645674496,17102733312,50,150994944,1234042880,6442319872
17813,15.2,5643452416,26256531456,16,153092096,1645674496,17102733312,50,150994944,1234042880,6442319872
17916,13.9,5643452416,26256531456,26,153092096,1645674496,17102733312,46,150994944,1234042880,6442319872
18028,17.1,5643448320,26256531456,26,153092096,1645674496,17102733312,53,150994944,1234042880,6442319872
18136,15.0,5643448320,26256531456,24,153092096,1645674496,17102733312,53,150994944,1234042880,6442319872
18247,14.2,5643448320,26256531456,24,153092096,1645674496,17102733312,51,150994944,1234042880,6442319872
18365,14.8,5643448320,26256531456,27,153092096,1645674496,17102733312,40,150994944,1234042880,6442319872
18487,14.9,5643448320,26256531456,20,153092096,1645674496,17102733312,40,150994944,1234042880,6442319872
18596,13.8,5643448320,26256531456,20,153092096,1645674496,17102733312,40,150994944,1234042880,6442319872
18698,14.1,5643448320,26256531456,37,153092096,1645674496,17102733312,29,150994944,1234042880,6442319872
18803,13.9,5643448320,26256531456,37,153092096,1645674496,17102733312,29,150994944,1234042880,6442319872
18906,15.9,5643448320,26256531456,39,153092096,1645674496,17102733312,30,150994944,1234042880,6442319872
19012,14.2,5643964416,26256531456,39,153092096,1645674496,17102733312,21,150994944,1234042880,6442319872
19126,15.3,5643964416,26256531456,28,153092096,1645674496,17102733312,21,150994944,1234042880,6442319872
19233,14.1,5643964416,26256531456,28,153092096,1645674496,17102733312,43,150994944,1234042880,6442319872
19338,14.7,5643964416,26256531456,30,153092096,1645674496,17102733312,39,150994944,1234042880,6442319872
19454,14.2,5643591680,26256531456,30,153092096,1645674496,17102733312,39,150994944,1234042880,6442319872
19565,16.7,5643591680,26256531456,18,153092096,1645674496,17102733312,50,150994944,1234042880,6442319872
19670,14.8,5643591680,26256531456,29,153092096,1645674496,17102733312,29,150994944,1234042880,6442319872
19789,13.5,5643591680,26256531456,29,153092096,1645674496,17102733312,29,150994944,1234042880,6442319872
19897,15.3,5643591680,26256531456,18,153092096,1645674496,17102733312,51,150994944,1234042880,6442319872
20007,16.5,5643591680,26256531456,18,153092096,1645674496,17102733312,44,150994944,1234042880,6442319872
20109,15.2,5643591680,26256531456,23,153092096,1645674496,17102733312,44,150994944,1234042880,6442319872
20219,13.8,5643591680,26256531456,23,153092096,1645674496,17102733312,49,150994944,1234042880,6442319872
20321,14.4,5643591680,26256531456,25,153092096,1645674496,17102733312,49,150994944,1234042880,6442319872
20424,16.8,5643591680,26256531456,25,153092096,1645674496,17102733312,54,150994944,1234042880,6442319872
20531,12.9,5643591680,26256531456,22,153092096,1645674496,17102733312,50,150994944,1234042880,6442319872
20647,13.7,5643591680,26256531456,22,153092096,1645674496,17102733312,50,150994944,1234042880,6442319872
20756,14.5,5643591680,26256531456,22,153092096,1645674496,17102733312,61,150994944,1234042880,6442319872
20862,13.7,5643591680,26256531456,24,153092096,1645674496,17102733312,64,150994944,1234042880,6442319872
20967,12.6,5643591680,26256531456,24,153092096,1645674496,17102733312,64,150994944,1234042880,6442319872
21070,17.8,5644107776,26256531456,23,153092096,1645674496,17102733312,59,150994944,1234042880,6442319872
21181,13.1,5644107776,26256531456,23,153092096,1645674496,17102733312,55,150994944,1234042880,6442319872
21295,14.1,5644107776,26256531456,22,153092096,1645674496,17102733312,55,150994944,1234042880,6442319872
21400,17.0,5644107776,26256531456,22,153092096,1645674496,17102733312,42,150994944,1234042880,6442319872
21516,16.3,5644107776,26256531456,23,153092096,1645674496,17102733312,54,150994944,1234042880,6442319872
21624,13.8,5644107776,26256531456,23,153092096,1645674496,17102733312,54,150994944,1234042880,6442319872
21727,13.4,5644107776,26256531456,21,153092096,1645674496,17102733312,53,150994944,1234042880,6442319872
21833,15.3,5644107776,26256531456,21,153092096,1645674496,17102733312,60,150994944,1234042880,6442319872
21938,13.1,5644107776,26256531456,23,153092096,1645674496,17102733312,60,150994944,1234042880,6442319872
22049,17.1,5644107776,26256531456,20,153092096,1645674496,17102733312,57,150994944,1234042880,6442319872
22171,14.4,5644107776,26256531456,20,153092096,1645674496,17102733312,53,150994944,1234042880,6442319872
22275,13.3,5644107776,26256531456,18,153092096,1645674496,17102733312,53,150994944,1234042880,6442319872
22388,15.2,5644107776,26256531456,18,153092096,1645674496,17102733312,53,150994944,1234042880,6442319872
22499,15.4,5650300928,26256531456,18,153092096,1645674496,17102733312,53,150994944,1234042880,6442319872
22614,19.6,5652623360,26256531456,18,153092096,1645674496,17102733312,53,150994944,1234042880,6442319872
22716,13.4,5653139456,26256531456,20,153092096,1645674496,17102733312,45,150994944,1234042880,6442319872
22820,13.3,5653139456,26256531456,20,153092096,1645674496,17102733312,45,150994944,1234042880,6442319872
22925,15.1,5652766720,26256531456,22,153092096,1645674496,17102733312,52,150994944,1234042880,6442319872
23042,16.1,5652766720,26256531456,20,153092096,1645674496,17102733312,55,150994944,1234042880,6442319872
23151,15.5,5650903040,26256531456,20,153092096,1645674496,17102733312,55,150994944,1234042880,6442319872
23262,13.1,5650903040,26256531456,26,153092096,1645674496,17102733312,53,150994944,1234042880,6442319872
23369,15.7,5650903040,26256531456,26,153092096,1645674496,17102733312,56,150994944,1234042880,6442319872
23487,15.2,5648322560,26256531456,19,153092096,1645674496,17102733312,56,150994944,1234042880,6442319872
23592,12.9,5648322560,26256531456,19,153092096,1645674496,17102733312,62,150994944,1234042880,6442319872
23701,13.3,5648322560,26256531456,21,153092096,1645674496,17102733312,49,150994944,1234042880,6442319872
23812,14.1,5648322560,26256531456,21,153092096,1645674496,17102733312,49,150994944,1234042880,6442319872
23919,14.8,5648322560,26256531456,22,153092096,1645674496,17102733312,55,150994944,1234042880,6442319872
24033,16.6,5649612800,26256531456,22,153092096,1645674496,17102733312,56,150994944,1234042880,6442319872
24139,20.0,5649870848,26256531456,21,153092096,1645674496,17102733312,56,150994944,1234042880,6442319872
24257,13.4,5649870848,26256531456,19,153092096,1645674496,17102733312,49,150994944,1234042880,6442319872
24370,14.4,5649870848,26256531456,19,153092096,1645674496,17102733312,52,150994944,1234042880,6442319872
24478,13.5,5649612800,26256531456,23,153092096,1645674496,17102733312,52,150994944,1234042880,6442319872
24586,14.5,5649612800,26256531456,23,153092096,1645674496,17102733312,49,150994944,1234042880,6442319872
24701,13.1,5649612800,26256531456,28,153092096,1645674496,17102733312,62,150994944,1234042880,6442319872
24823,14.4,5649612800,26256531456,28,153092096,1645674496,17102733312,53,150994944,1234042880,6442319872
24933,16.3,5649604608,26256531456,23,153092096,1645674496,17102733312,53,150994944,1234042880,6442319872
25035,14.7,5652185088,26256531456,27,153092096,1645674496,17102733312,54,150994944,1234042880,6442319872
25143,9.3,5652230144,26256531456,27,153092096,1645674496,17102733312,54,150994944,1234042880,6442319872
25246,12.7,5652733952,26256531456,39,153092096,1645674496,17102733312,0,148897792,1231945728,6442319872
25352,15.4,5652733952,26256531456,39,153092096,1645674496,17102733312,19,150994944,1234042880,6442319872
25457,15.5,5652733952,26256531456,38,153092096,1645674496,17102733312,19,150994944,1234042880,6442319872
25573,17.6,5652733952,26256531456,38,153092096,1645674496,17102733312,49,150994944,1234042880,6442319872
25696,13.3,5652733952,26256531456,23,153092096,1645674496,17102733312,53,150994944,1234042880,6442319872
25820,15.1,5652733952,26256531456,23,153092096,1645674496,17102733312,50,150994944,1234042880,6442319872
25927,13.4,5652733952,26256531456,21,153092096,1645674496,17102733312,50,150994944,1234042880,6442319872
26037,14.5,5653766144,26256531456,21,153092096,1645674496,17102733312,54,150994944,1234042880,6442319872
26143,16.5,5653766144,26256531456,21,153092096,1645674496,17102733312,50,150994944,1234042880,6442319872
26254,14.8,5653766144,26256531456,27,153092096,1645674496,17102733312,50,150994944,1234042880,6442319872
26369,16.2,5653766144,26256531456,27,153092096,1645674496,17102733312,60,150994944,1234042880,6442319872
26472,15.2,5653766144,26256531456,22,153092096,1645674496,17102733312,50,150994944,1234042880,6442319872
26595,14.0,5653766144,26256531456,22,153092096,1645674496,17102733312,50,150994944,1234042880,6442319872
26707,14.1,5653766144,26256531456,27,153092096,1645674496,17102733312,52,150994944,1234042880,6442319872
26817,15.9,5653766144,26256531456,27,153092096,1645674496,17102733312,48,150994944,1234042880,6442319872
26921,13.6,5653766144,26256531456,22,153092096,1645674496,17102733312,48,150994944,1234042880,6442319872
27042,18.2,5654798336,26256531456,19,153092096,1645674496,17102733312,52,150994944,1234042880,6442319872
27147,15.0,5654798336,26256531456,19,153092096,1645674496,17102733312,44,150994944,1234042880,6442319872
27257,16.4,5654798336,26256531456,23,153092096,1645674496,17102733312,44,150994944,1234042880,6442319872
27374,12.8,5654798336,26256531456,23,153092096,1645674496,17102733312,50,150994944,1234042880,6442319872
27488,15.9,5654798336,26256531456,26,153092096,1645674496,17102733312,65,150994944,1234042880,6442319872
27590,16.6,5654798336,26256531456,26,153092096,1645674496,17102733312,65,150994944,1234042880,6442319872
27698,14.0,5654798336,26256531456,31,153092096,1645674496,17102733312,58,150994944,1234042880,6442319872
27818,14.7,5654798336,26256531456,22,153092096,1645674496,17102733312,57,150994944,1234042880,6442319872
27924,14.9,5654798336,26256531456,22,153092096,1645674496,17102733312,57,150994944,1234042880,6442319872
28030,17.5,5655830528,26256531456,21,153092096,1645674496,17102733312,61,150994944,1234042880,6442319872
28147,13.4,5655830528,26256531456,21,153092096,1645674496,17102733312,56,150994944,1234042880,6442319872
28256,15.0,5655830528,26256531456,26,153092096,1645674496,17102733312,56,150994944,1234042880,6442319872
28372,13.4,5655830528,26256531456,26,153092096,1645674496,17102733312,53,150994944,1234042880,6442319872
28478,13.7,5655830528,26256531456,23,153092096,1645674496,17102733312,57,150994944,1234042880,6442319872
28582,13.8,5655830528,26256531456,23,153092096,1645674496,17102733312,57,150994944,1234042880,6442319872
28689,15.3,5655830528,26256531456,22,153092096,1645674496,17102733312,57,150994944,1234042880,6442319872
28796,13.5,5655830528,26256531456,22,153092096,1645674496,17102733312,57,150994944,1234042880,6442319872
28902,14.1,5656346624,26256531456,20,153092096,1645674496,17102733312,56,150994944,1234042880,6442319872
29013,14.8,5656862720,26256531456,18,153092096,1645674496,17102733312,60,150994944,1234042880,6442319872
29118,13.7,5656862720,26256531456,18,153092096,1645674496,17102733312,60,150994944,1234042880,6442319872
29231,14.0,5656862720,26256531456,34,153092096,1645674496,17102733312,66,150994944,1234042880,6442319872
29340,13.1,5656862720,26256531456,34,153092096,1645674496,17102733312,51,150994944,1234042880,6442319872
29443,13.5,5656862720,26256531456,30,153092096,1645674496,17102733312,51,150994944,1234042880,6442319872
29546,13.3,5656862720,26256531456,30,153092096,1645674496,17102733312,56,150994944,1234042880,6442319872
29648,16.8,5656862720,26256531456,20,153092096,1645674496,17102733312,57,150994944,1234042880,6442319872
29764,16.5,5657378816,26256531456,20,153092096,1645674496,17102733312,57,150994944,1234042880,6442319872
29877,17.0,5657378816,26256531456,24,153092096,1645674496,17102733312,51,150994944,1234042880,6442319872
29983,15.9,5658267648,26256531456,24,153092096,1645674496,17102733312,56,150994944,1234042880,6442319872
30094,14.4,5658009600,26256531456,25,153092096,1645674496,17102733312,56,150994944,1234042880,6442319872
30199,15.5,5658009600,26256531456,27,153092096,1645674496,17102733312,64,150994944,1234042880,6442319872
30304,15.4,5657636864,26256531456,27,153092096,1645674496,17102733312,48,150994944,1234042880,6442319872
30409,16.4,5657493504,26256531456,26,153092096,1645674496,17102733312,48,150994944,1234042880,6442319872
30527,14.0,5658009600,26256531456,26,153092096,1645674496,17102733312,54,150994944,1234042880,6442319872
30644,15.9,5658009600,26256531456,22,153092096,1645674496,17102733312,64,150994944,1234042880,6442319872
30753,12.9,5658009600,26256531456,22,153092096,1645674496,17102733312,64,150994944,1234042880,6442319872
30856,14.2,5658009600,26256531456,26,153092096,1645674496,17102733312,60,150994944,1234042880,6442319872
30970,15.0,5659041792,26256531456,26,153092096,1645674496,17102733312,60,150994944,1234042880,6442319872
31077,16.2,5659041792,26256531456,24,153092096,1645674496,17102733312,53,150994944,1234042880,6442319872
31185,13.5,5655474176,26256531456,24,153092096,1645674496,17102733312,53,150994944,1234042880,6442319872
31291,12.7,5655732224,26256531456,18,153092096,1645674496,17102733312,53,150994944,1234042880,6442319872
31400,13.9,5655732224,26256531456,28,153092096,1645674496,17102733312,55,150994944,1234042880,6442319872
31537,15.1,5655732224,26256531456,28,153092096,1645674496,17102733312,50,150994944,1234042880,6442319872
31649,16.7,5655728128,26256531456,29,153092096,1645674496,17102733312,50,150994944,1234042880,6442319872
31761,17.0,5655728128,26256531456,29,153092096,1645674496,17102733312,49,150994944,1234042880,6442319872
31878,13.6,5655728128,26256531456,19,153092096,1645674496,17102733312,56,150994944,1234042880,6442319872
31994,17.6,5656760320,26256531456,19,153092096,1645674496,17102733312,52,150994944,1234042880,6442319872
32107,14.0,5656760320,26256531456,20,153092096,1645674496,17102733312,52,150994944,1234042880,6442319872
32209,11.8,5656760320,26256531456,20,153092096,1645674496,17102733312,59,150994944,1234042880,6442319872
32318,14.9,5656760320,26256531456,27,153092096,1645674496,17102733312,59,150994944,1234042880,6442319872
32424,15.1,5656760320,26256531456,25,153092096,1645674496,17102733312,57,150994944,1234042880,6442319872
32527,14.6,5656760320,26256531456,25,153092096,1645674496,17102733312,50,150994944,1234042880,6442319872
32633,15.8,5656760320,26256531456,24,153092096,1645674496,17102733312,50,150994944,1234042880,6442319872
32752,13.1,5656760320,26256531456,24,153092096,1645674496,17102733312,54,150994944,1234042880,6442319872
32871,15.6,5656760320,26256531456,20,153092096,1645674496,17102733312,50,150994944,1234042880,6442319872
32998,16.2,5657792512,26256531456,20,153092096,1645674496,17102733312,51,150994944,1234042880,6442319872
33113,14.8,5657792512,26256531456,22,153092096,1645674496,17102733312,51,150994944,1234042880,6442319872
33218,17.0,5657792512,26256531456,24,153092096,1645674496,17102733312,61,150994944,1234042880,6442319872
33331,13.4,5657792512,26256531456,24,153092096,1645674496,17102733312,61,150994944,1234042880,6442319872
33435,16.2,5657792512,26256531456,28,153092096,1645674496,17102733312,61,150994944,1234042880,6442319872
33540,14.4,5657792512,26256531456,28,153092096,1645674496,17102733312,53,150994944,1234042880,6442319872
33668,16.5,5657792512,26256531456,24,153092096,1645674496,17102733312,53,150994944,1234042880,6442319872
33781,15.0,5657792512,26256531456,24,153092096,1645674496,17102733312,28,150994944,1234042880,6442319872
33890,14.0,5657792512,26256531456,29,153092096,1645674496,17102733312,53,150994944,1234042880,6442319872
33997,17.9,5658824704,26256531456,29,153092096,1645674496,17102733312,53,150994944,1234042880,6442319872
34100,18.1,5660114944,26256531456,30,153092096,1645674496,17102733312,29,150994944,1234042880,6442319872
34216,15.8,5660114944,26256531456,30,153092096,1645674496,17102733312,57,150994944,1234042880,6442319872
34322,13.9,5660114944,26256531456,22,153092096,1645674496,17102733312,57,150994944,1234042880,6442319872
34435,14.3,5660114944,26256531456,19,153092096,1645674496,17102733312,55,150994944,1234042880,6442319872
34549,13.7,5660114944,26256531456,19,153092096,1645674496,17102733312,50,150994944,1234042880,6442319872
34667,17.1,5660114944,26256531456,23,153092096,1645674496,17102733312,50,150994944,1234042880,6442319872
34777,15.0,5660114944,26256531456,23,153092096,1645674496,17102733312,51,150994944,1234042880,6442319872
34890,15.8,5660114944,26256531456,20,153092096,1645674496,17102733312,58,150994944,1234042880,6442319872
34995,8.9,5661147136,26256531456,20,153092096,1645674496,17102733312,58,150994944,1234042880,6442319872
35099,11.8,5661147136,26256531456,8,153092096,1645674496,17102733312,83,150994944,1234042880,6442319872
35202,11.2,5661147136,26256531456,8,153092096,1645674496,17102733312,80,150994944,1234042880,6442319872
35304,10.7,5661147136,26256531456,1,153092096,1645674496,17102733312,80,150994944,1234042880,6442319872
35408,8.5,5661147136,26256531456,1,153092096,1645674496,17102733312,87,150994944,1234042880,6442319872
35512,8.4,5661147136,26256531456,0,153092096,1645674496,17102733312,87,150994944,1234042880,6442319872
35615,11.9,5661147136,26256531456,0,153092096,1645674496,17102733312,71,150994944,1234042880,6442319872
35721,8.2,5661147136,26256531456,1,153092096,1645674496,17102733312,83,150994944,1234042880,6442319872
35825,15.2,5661147136,26256531456,1,153092096,1645674496,17102733312,83,150994944,1234042880,6442319872
35929,15.7,5661147136,26256531456,12,153092096,1645674496,17102733312,71,150994944,1234042880,6442319872
36035,15.1,5661663232,26256531456,12,153092096,1645674496,17102733312,49,150994944,1234042880,6442319872
36150,15.1,5661663232,26256531456,19,153092096,1645674496,17102733312,49,150994944,1234042880,6442319872
36261,13.7,5661663232,26256531456,21,153092096,1645674496,17102733312,39,150994944,1234042880,6442319872
36379,14.9,5661921280,26256531456,21,153092096,1645674496,17102733312,50,150994944,1234042880,6442319872
36493,15.7,5661921280,26256531456,24,153092096,1645674496,17102733312,50,150994944,1234042880,6442319872
36602,14.5,5661921280,26256531456,24,153092096,1645674496,17102733312,59,150994944,1234042880,6442319872
36708,14.8,5661921280,26256531456,23,153092096,1645674496,17102733312,49,150994944,1234042880,6442319872
36824,15.9,5661921280,26256531456,23,153092096,1645674496,17102733312,49,150994944,1234042880,6442319872
36940,16.2,5661921280,26256531456,20,153092096,1645674496,17102733312,48,150994944,1234042880,6442319872
37062,17.3,5663211520,26256531456,23,153092096,1645674496,17102733312,61,150994944,1234042880,6442319872
37168,18.6,5663211520,26256531456,23,153092096,1645674496,17102733312,61,150994944,1234042880,6442319872
37272,13.9,5663207424,26256531456,27,153092096,1645674496,17102733312,50,150994944,1234042880,6442319872
37381,15.5,5663207424,26256531456,27,153092096,1645674496,17102733312,55,150994944,1234042880,6442319872
37490,14.9,5663207424,26256531456,16,153092096,1645674496,17102733312,55,150994944,1234042880,6442319872
37593,16.3,5663207424,26256531456,16,153092096,1645674496,17102733312,48,150994944,1234042880,6442319872
37709,15.5,5663207424,26256531456,21,153092096,1645674496,17102733312,47,150994944,1234042880,6442319872
37829,15.4,5663207424,26256531456,21,153092096,1645674496,17102733312,47,150994944,1234042880,6442319872
37937,16.1,5663207424,26256531456,22,153092096,1645674496,17102733312,54,150994944,1234042880,6442319872
38039,17.7,5664239616,26256531456,22,153092096,1645674496,17102733312,54,150994944,1234042880,6442319872
38148,18.0,5664239616,26256531456,23,153092096,1645674496,17102733312,54,150994944,1234042880,6442319872
38255,14.0,5664239616,26256531456,20,153092096,1645674496,17102733312,57,150994944,1234042880,6442319872
38360,13.9,5664239616,26256531456,20,153092096,1645674496,17102733312,57,150994944,1234042880,6442319872
38466,14.3,5664239616,26256531456,35,153092096,1645674496,17102733312,35,150994944,1234042880,6442319872
38569,14.1,5664239616,26256531456,35,153092096,1645674496,17102733312,24,150994944,1234042880,6442319872
38675,14.9,5664239616,26256531456,42,153092096,1645674496,17102733312,24,150994944,1234042880,6442319872
38783,15.7,5664755712,26256531456,42,153092096,1645674496,17102733312,45,150994944,1234042880,6442319872
38900,16.7,5664755712,26256531456,22,153092096,1645674496,17102733312,37,150994944,1234042880,6442319872
39004,14.0,5665271808,26256531456,22,153092096,1645674496,17102733312,37,150994944,1234042880,6442319872
39109,16.2,5665787904,26256531456,26,153092096,1645674496,17102733312,53,150994944,1234042880,6442319872
39213,14.5,5665787904,26256531456,26,153092096,1645674496,17102733312,58,150994944,1234042880,6442319872
39332,14.3,5665787904,26256531456,17,153092096,1645674496,17102733312,58,150994944,1234042880,6442319872
39452,14.7,5665787904,26256531456,21,153092096,1645674496,17102733312,53,150994944,1234042880,6442319872
39555,14.3,5665787904,26256531456,21,153092096,1645674496,17102733312,39,150994944,1234042880,6442319872
39684,15.0,5665787904,26256531456,25,153092096,1645674496,17102733312,39,150994944,1234042880,6442319872
39795,15.8,5665787904,26256531456,25,153092096,1645674496,17102733312,40,150994944,1234042880,6442319872
39898,13.6,5665787904,26256531456,37,153092096,1645674496,17102733312,36,150994944,1234042880,6442319872
40002,15.2,5666820096,26256531456,37,153092096,1645674496,17102733312,36,150994944,1234042880,6442319872
40104,17.5,5667336192,26256531456,33,153092096,1645674496,17102733312,35,150994944,1234042880,6442319872
40208,17.3,5667336192,26256531456,33,153092096,1645674496,17102733312,35,150994944,1234042880,6442319872
40312,12.1,5667336192,26256531456,34,153092096,1645674496,17102733312,27,150994944,1234042880,6442319872
40420,15.2,5667336192,26256531456,34,153092096,1645674496,17102733312,47,150994944,1234042880,6442319872
40527,14.9,5667336192,26256531456,22,153092096,1645674496,17102733312,47,150994944,1234042880,6442319872
40638,16.2,5667336192,26256531456,26,153092096,1645674496,17102733312,51,150994944,1234042880,6442319872
40747,14.0,5667336192,26256531456,26,153092096,1645674496,17102733312,29,150994944,1234042880,6442319872
40849,13.9,5667336192,26256531456,27,153092096,1645674496,17102733312,29,150994944,1234042880,6442319872
40969,14.2,5667336192,26256531456,27,153092096,1645674496,17102733312,50,150994944,1234042880,6442319872
41073,14.6,5668884480,26256531456,30,153092096,1645674496,17102733312,30,150994944,1234042880,6442319872
41187,21.4,5679333376,26256531456,30,153092096,1645674496,17102733312,30,150994944,1234042880,6442319872
41307,16.1,5679849472,26256531456,22,153092096,1645674496,17102733312,41,150994944,1234042880,6442319872
41415,13.5,5679075328,26256531456,22,153092096,1645674496,17102733312,44,150994944,1234042880,6442319872
41531,14.1,5662302208,26256531456,18,153092096,1645674496,17102733312,44,150994944,1234042880,6442319872
41656,13.6,5660442624,26256531456,16,153092096,1645674496,17102733312,44,150994944,1234042880,6442319872
41764,14.9,5654106112,26256531456,16,153092096,1645674496,17102733312,50,150994944,1234042880,6442319872
41883,12.8,5651496960,26256531456,22,153092096,1645674496,17102733312,50,150994944,1234042880,6442319872
41990,16.3,5651496960,26256531456,22,153092096,1645674496,17102733312,37,150994944,1234042880,6442319872
42100,14.0,5651783680,26256531456,32,153092096,1645674496,17102733312,51,150994944,1234042880,6442319872
42202,14.8,5651783680,26256531456,32,153092096,1645674496,17102733312,51,150994944,1234042880,6442319872
42319,14.8,5651783680,26256531456,22,153092096,1645674496,17102733312,52,150994944,1234042880,6442319872
42429,16.3,5651779584,26256531456,22,153092096,1645674496,17102733312,62,150994944,1234042880,6442319872
42550,16.3,5651779584,26256531456,27,153092096,1645674496,17102733312,62,150994944,1234042880,6442319872
42654,15.6,5651779584,26256531456,23,153092096,1645674496,17102733312,63,150994944,1234042880,6442319872
42763,14.9,5651779584,26256531456,23,153092096,1645674496,17102733312,55,150994944,1234042880,6442319872
42874,17.3,5668294656,26256531456,18,153092096,1645674496,17102733312,55,150994944,1234042880,6442319872
42976,12.3,5666217984,26256531456,18,153092096,1645674496,17102733312,60,150994944,1234042880,6442319872
43093,15.0,5666476032,26256531456,23,153092096,1645674496,17102733312,60,150994944,1234042880,6442319872
43197,15.6,5666476032,26256531456,23,153092096,1645674496,17102733312,60,150994944,1234042880,6442319872
43300,16.1,5662265344,26256531456,20,153092096,1645674496,17102733312,56,150994944,1234042880,6442319872
43409,14.9,5654265856,26256531456,20,153092096,1645674496,17102733312,54,150994944,1234042880,6442319872
43515,14.3,5654265856,26256531456,23,153092096,1645674496,17102733312,54,150994944,1234042880,6442319872
43629,15.6,5654265856,26256531456,20,153092096,1645674496,17102733312,55,150994944,1234042880,6442319872
43739,13.8,5654265856,26256531456,20,153092096,1645674496,17102733312,59,150994944,1234042880,6442319872
43856,14.4,5654265856,26256531456,23,153092096,1645674496,17102733312,59,150994944,1234042880,6442319872
43967,14.6,5654265856,26256531456,23,153092096,1645674496,17102733312,55,150994944,1234042880,6442319872
44092,21.6,5653405696,26256531456,19,153092096,1645674496,17102733312,65,150994944,1234042880,6442319872
44210,14.0,5653221376,26256531456,19,153092096,1645674496,17102733312,65,150994944,1234042880,6442319872
44313,14.4,5653221376,26256531456,24,153092096,1645674496,17102733312,66,150994944,1234042880,6442319872
44417,14.5,5653221376,26256531456,22,153092096,1645674496,17102733312,53,150994944,1234042880,6442319872
44538,13.0,5653221376,26256531456,22,153092096,1645674496,17102733312,53,150994944,1234042880,6442319872
44646,14.9,5652963328,26256531456,25,153092096,1645674496,17102733312,55,150994944,1234042880,6442319872
44755,13.3,5652963328,26256531456,25,153092096,1645674496,17102733312,48,150994944,1234042880,6442319872
44873,15.2,5652963328,26256531456,21,153092096,1645674496,17102733312,48,150994944,1234042880,6442319872
44987,17.5,5652963328,26256531456,21,153092096,1645674496,17102733312,54,150994944,1234042880,6442319872
45093,17.0,5653221376,26256531456,23,153092096,1645674496,17102733312,46,150994944,1234042880,6442319872
45197,13.4,5653221376,26256531456,23,153092096,1645674496,17102733312,46,150994944,1234042880,6442319872
45299,14.7,5653221376,26256531456,30,153092096,1645674496,17102733312,50,150994944,1234042880,6442319872
45416,16.1,5653221376,26256531456,23,153092096,1645674496,17102733312,58,150994944,1234042880,6442319872
45525,14.9,5653221376,26256531456,23,153092096,1645674496,17102733312,58,150994944,1234042880,6442319872
45636,16.2,5653479424,26256531456,25,153092096,1645674496,17102733312,55,150994944,1234042880,6442319872
45746,12.6,5653479424,26256531456,25,153092096,1645674496,17102733312,61,150994944,1234042880,6442319872
45872,13.9,5667930112,26256531456,18,153092096,1645674496,17102733312,61,150994944,1234042880,6442319872
45977,7.8,5667930112,26256531456,18,153092096,1645674496,17102733312,26,150994944,1234042880,6442319872
46086,10.3,5668188160,26256531456,40,153092096,1645674496,17102733312,0,150994944,1234042880,6442319872
46189,9.8,5666324480,26256531456,40,153092096,1645674496,17102733312,0,150994944,1234042880,6442319872
46291,13.1,5659672576,26256531456,44,153092096,1645674496,17102733312,7,150994944,1234042880,6442319872
46402,15.1,5659672576,26256531456,44,153092096,1645674496,17102733312,7,150994944,1234042880,6442319872
46507,15.4,5659672576,26256531456,22,153092096,1645674496,17102733312,66,150994944,1234042880,6442319872
46619,14.9,5659672576,26256531456,21,153092096,1645674496,17102733312,60,150994944,1234042880,6442319872
46728,16.3,5659672576,26256531456,21,153092096,1645674496,17102733312,60,150994944,1234042880,6442319872
46837,14.3,5659672576,26256531456,27,153092096,1645674496,17102733312,53,150994944,1234042880,6442319872
46944,15.0,5659672576,26256531456,27,153092096,1645674496,17102733312,58,150994944,1234042880,6442319872
47046,18.5,5659672576,26256531456,30,153092096,1645674496,17102733312,58,150994944,1234042880,6442319872
47168,15.2,5659930624,26256531456,30,153092096,1645674496,17102733312,61,150994944,1234042880,6442319872
47289,14.4,5659930624,26256531456,20,153092096,1645674496,17102733312,58,150994944,1234042880,6442319872
47398,15.8,5659930624,26256531456,20,153092096,1645674496,17102733312,58,150994944,1234042880,6442319872
47502,14.3,5659930624,26256531456,26,153092096,1645674496,17102733312,54,150994944,1234042880,6442319872
47608,14.1,5659930624,26256531456,23,153092096,1645674496,17102733312,50,150994944,1234042880,6442319872
47720,13.3,5659930624,26256531456,23,153092096,1645674496,17102733312,50,150994944,1234042880,6442319872
47841,14.4,5659930624,26256531456,20,153092096,1645674496,17102733312,47,150994944,1234042880,6442319872
47959,13.5,5659930624,26256531456,20,153092096,1645674496,17102733312,57,150994944,1234042880,6442319872
48079,15.2,5657206784,26256531456,23,153092096,1645674496,17102733312,59,150994944,1234042880,6442319872
48199,14.9,5657092096,26256531456,20,153092096,1645674496,17102733312,59,150994944,1234042880,6442319872
48314,15.0,5657092096,26256531456,20,153092096,1645674496,17102733312,49,150994944,1234042880,6442319872
48429,17.6,5657092096,26256531456,20,153092096,1645674496,17102733312,59,150994944,1234042880,6442319872
48543,15.7,5657092096,26256531456,20,153092096,1645674496,17102733312,59,150994944,1234042880,6442319872
48650,16.9,5657092096,26256531456,27,153092096,1645674496,17102733312,54,150994944,1234042880,6442319872
48764,15.1,5657092096,26256531456,27,153092096,1645674496,17102733312,52,150994944,1234042880,6442319872
48874,15.9,5657092096,26256531456,29,153092096,1645674496,17102733312,52,150994944,1234042880,6442319872
48979,14.2,5657092096,26256531456,29,153092096,1645674496,17102733312,48,150994944,1234042880,6442319872
49084,18.7,5657350144,26256531456,18,153092096,1645674496,17102733312,60,150994944,1234042880,6442319872
49195,14.5,5657092096,26256531456,18,153092096,1645674496,17102733312,60,150994944,1234042880,6442319872
49302,14.8,5657092096,26256531456,18,153092096,1645674496,17102733312,67,150994944,1234042880,6442319872
49405,15.5,5657092096,26256531456,26,153092096,1645674496,17102733312,67,150994944,1234042880,6442319872
49514,16.0,5657092096,26256531456,26,153092096,1645674496,17102733312,54,150994944,1234042880,6442319872
49624,14.4,5657092096,26256531456,23,153092096,1645674496,17102733312,50,150994944,1234042880,6442319872
49737,14.8,5657092096,26256531456,23,153092096,1645674496,17102733312,51,150994944,1234042880,6442319872
49857,17.5,5657092096,26256531456,18,153092096,1645674496,17102733312,51,150994944,1234042880,6442319872
49960,17.3,5657350144,26256531456,18,153092096,1645674496,17102733312,70,150994944,1234042880,6442319872
50066,17.3,5657608192,26256531456,22,153092096,1645674496,17102733312,70,150994944,1234042880,6442319872
50171,15.4,5657608192,26256531456,22,153092096,1645674496,17102733312,50,150994944,1234042880,6442319872
50291,16.3,5657350144,26256531456,21,153092096,1645674496,17102733312,41,150994944,1234042880,6442319872
50397,16.6,5657350144,26256531456,29,153092096,1645674496,17102733312,41,150994944,1234042880,6442319872
50517,15.4,5657608192,26256531456,29,153092096,1645674496,17102733312,58,150994944,1234042880,6442319872
50622,15.3,5657608192,26256531456,18,153092096,1645674496,17102733312,41,150994944,1234042880,6442319872
50728,15.0,5657608192,26256531456,18,153092096,1645674496,17102733312,41,150994944,1234042880,6442319872
50837,14.9,5657595904,26256531456,19,153092096,1645674496,17102733312,59,150994944,1234042880,6442319872
50949,14.9,5657595904,26256531456,19,153092096,1645674496,17102733312,52,150994944,1234042880,6442319872
51068,14.4,5657853952,26256531456,22,153092096,1645674496,17102733312,52,150994944,1234042880,6442319872
51188,12.7,5657853952,26256531456,20,153092096,1645674496,17102733312,48,150994944,1234042880,6442319872
51294,13.0,5657853952,26256531456,20,153092096,1645674496,17102733312,45,150994944,1234042880,6442319872
51401,15.7,5657853952,26256531456,18,153092096,1645674496,17102733312,45,150994944,1234042880,6442319872
51510,14.3,5657853952,26256531456,18,153092096,1645674496,17102733312,57,150994944,1234042880,6442319872
51625,15.6,5657853952,26256531456,26,153092096,1645674496,17102733312,55,150994944,1234042880,6442319872
51727,14.8,5674627072,26256531456,26,153092096,1645674496,17102733312,55,150994944,1234042880,6442319872
51834,17.6,5674627072,26256531456,22,153092096,1645674496,17102733312,53,150994944,1234042880,6442319872
51939,13.0,5674627072,26256531456,22,153092096,1645674496,17102733312,57,150994944,1234042880,6442319872
52043,17.2,5674885120,26256531456,28,153092096,1645674496,17102733312,57,150994944,1234042880,6442319872
52146,15.9,5669724160,26256531456,28,153092096,1645674496,17102733312,56,150994944,1234042880,6442319872
52252,15.6,5660950528,26256531456,21,153092096,1645674496,17102733312,45,150994944,1234042880,6442319872
52360,16.2,5660950528,26256531456,21,153092096,1645674496,17102733312,45,150994944,1234042880,6442319872
52465,14.7,5660950528,26256531456,18,153092096,1645674496,17102733312,60,150994944,1234042880,6442319872
52580,13.6,5660950528,26256531456,24,153092096,1645674496,17102733312,60,150994944,1234042880,6442319872
52686,13.7,5660950528,26256531456,24,153092096,1645674496,17102733312,58,150994944,1234042880,6442319872
52799,14.9,5660950528,26256531456,35,153092096,1645674496,17102733312,49,150994944,1234042880,6442319872
52923,13.7,5660950528,26256531456,35,153092096,1645674496,17102733312,56,150994944,1234042880,6442319872
53035,16.9,5661466624,26256531456,26,153092096,1645674496,17102733312,56,150994944,1234042880,6442319872
53154,15.4,5661208576,26256531456,26,153092096,1645674496,17102733312,55,150994944,1234042880,6442319872
53276,15.8,5661208576,26256531456,22,153092096,1645674496,17102733312,48,150994944,1234042880,6442319872
53379,15.2,5661208576,26256531456,35,153092096,1645674496,17102733312,48,150994944,1234042880,6442319872
53492,16.5,5661208576,26256531456,35,153092096,1645674496,17102733312,48,150994944,1234042880,6442319872
53612,16.2,5661208576,26256531456,24,153092096,1645674496,17102733312,52,150994944,1234042880,6442319872
53718,14.7,5661208576,26256531456,24,153092096,1645674496,17102733312,52,150994944,1234042880,6442319872
53825,15.1,5661208576,26256531456,23,153092096,1645674496,17102733312,63,150994944,1234042880,6442319872
53937,14.0,5661208576,26256531456,23,153092096,1645674496,17102733312,53,150994944,1234042880,6442319872
54047,19.9,5655646208,26256531456,26,153092096,1645674496,17102733312,53,150994944,1234042880,6442319872
54159,17.0,5656158208,26256531456,26,153092096,1645674496,17102733312,47,150994944,1234042880,6442319872
54268,16.0,5656158208,26256531456,25,153092096,1645674496,17102733312,61,150994944,1234042880,6442319872
54381,17.3,5656158208,26256531456,23,153092096,1645674496,17102733312,61,150994944,1234042880,6442319872
54488,16.3,5656158208,26256531456,23,153092096,1645674496,17102733312,54,150994944,1234042880,6442319872
54597,18.2,5656158208,26256531456,30,153092096,1645674496,17102733312,54,150994944,1234042880,6442319872
54707,17.0,5656158208,26256531456,30,153092096,1645674496,17102733312,55,150994944,1234042880,6442319872
54830,15.7,5656158208,26256531456,35,153092096,1645674496,17102733312,51,150994944,1234042880,6442319872
54939,15.1,5656674304,26256531456,35,153092096,1645674496,17102733312,57,150994944,1234042880,6442319872
55064,17.2,5656932352,26256531456,25,153092096,1645674496,17102733312,57,150994944,1234042880,6442319872
55168,15.2,5657190400,26256531456,23,153092096,1645674496,17102733312,53,150994944,1234042880,6442319872
55277,16.5,5657190400,26256531456,23,153092096,1645674496,17102733312,59,150994944,1234042880,6442319872
55379,14.6,5657190400,26256531456,28,153092096,1645674496,17102733312,59,150994944,1234042880,6442319872
55491,12.9,5657190400,26256531456,28,153092096,1645674496,17102733312,54,150994944,1234042880,6442319872
55596,8.3,5657190400,26256531456,12,153092096,1645674496,17102733312,54,150994944,1234042880,6442319872
55701,7.2,5657190400,26256531456,12,153092096,1645674496,17102733312,88,150994944,1234042880,6442319872
55806,7.9,5657190400,26256531456,1,153092096,1645674496,17102733312,83,150994944,1234042880,6442319872
55910,7.4,5657448448,26256531456,1,153092096,1645674496,17102733312,83,150994944,1234042880,6442319872
56014,10.2,5658222592,26256531456,1,153092096,1645674496,17102733312,89,150994944,1234042880,6442319872
56120,9.4,5658222592,26256531456,1,153092096,1645674496,17102733312,87,150994944,1234042880,6442319872
56222,14.6,5658222592,26256531456,1,153092096,1645674496,17102733312,87,150994944,1234042880,6442319872
56323,10.7,5658222592,26256531456,1,153092096,1645674496,17102733312,88,150994944,1234042880,6442319872
56426,9.7,5658222592,26256531456,1,153092096,1645674496,17102733312,88,150994944,1234042880,6442319872
56531,10.1,5658222592,26256531456,1,153092096,1645674496,17102733312,87,150994944,1234042880,6442319872
56634,7.2,5658222592,26256531456,1,153092096,1645674496,17102733312,87,150994944,1234042880,6442319872
56738,9.6,5658222592,26256531456,1,153092096,1645674496,17102733312,87,150994944,1234042880,6442319872
56840,7.4,5658222592,26256531456,1,153092096,1645674496,17102733312,88,150994944,1234042880,6442319872
56942,8.6,5658738688,26256531456,1,153092096,1645674496,17102733312,86,150994944,1234042880,6442319872
57046,0.0,5658996736,26256531456,1,153092096,1645674496,17102733312,86,150994944,1234042880,6442319872
57149,2.4,5658996736,26256531456,1,153092096,1645674496,17102733312,0,150994944,1234042880,6442319872
57252,0.6,5658996736,26256531456,1,153092096,1645674496,17102733312,0,150994944,1234042880,6442319872
57354,3.1,5658996736,26256531456,1,153092096,1645674496,17102733312,0,150994944,1234042880,6442319872
57457,1.8,5617229824,26256531456,1,153092096,1628897280,17102733312,0,150994944,1229848576,6442319872
57559,6.8,5617221632,26256531456,1,153092096,1628897280,17102733312,0,150994944,1217265664,6442319872
